#(VARIABLE NAME/ID);(LABEL);(DEFAULT_VALUE);(DESCRIPTION)
#Example:
#mload;Mass, load [kg];150e3;Total mass of the payload

# 9, load
   mload;Load Mass [kg];150e3;total mass of the payload
# vload, Load Velocity [m/s]
# yload, Load Displacement [m]
# yloadGlobal, Load Global Displacement [m]

# 11, wire
   dwire;Wire Diameter [m];0.077;diameter of the wire
   lwire;Wire Length [m];2950; payout length of the wire
   cdwire;Wire Damping Coefficient;0.15;damping coefficient of the wire
# Fwire, Wire Tension [kN]

# 3, drum
   rdrum;Drum Diameter [m];2.2;radius of the winch drum
   idrum;Drum Inertia [kgm^2];314600;total inertia of the winch drum
   nhydgear;Gear Ratio;300;gear ratio
# vdrum, Drum Velocity [rad/s]
# Tdrum, Drum Torque [kNm]

# 2, motor 
   nhydmotor;Motor Number;3;number of motors
   Vmmotor;Motor Displacement [m^3/rev];1e-3;dispalcement of the motor in m3 per rev
   rfriction;Motor Friction Coefficient;0.05;friction factor of the motor
# Tmotor, Motor Torque [kNm]

# 8, Main Pump
   npumpHP;Main Pump Number;3;number of pumps
   VmHP;Main Pump Displacement [m^3/rev];0.001;dispalcement of the main pump in m^3/rev
   vHP; Main Pump Speed [rev/min];1776;speed of the main pump in rpm
   pmaxHP;Main Pump Max Pressure [Pa];350e5;maximum high pressure pump 
   dpmaxHP;Main Pump Pressure Drop at Max Flow [Pa];10e5;pressure difference at which the HPU supplies maximum flow
# QpumpHP, Main Pump Flow [l/min]	

# 6, Boost Pump
   VmLP;Boost Pump Displacement [m^3/rev];0.001;dispalcement of the boost pump in m^3/rev
   vLP;Boost Pump Speed [rev/min];1776;speed of the boost pump in rpm
# QpumpLP, Boost Pump Flow [l/min]	

# 1,4, Accumulators	
   bulkmodulus;Bulkmodulus [Pa];1.6e9;bulkmodulus of the liquid
   Vacc;Accumulator Volumn [m^3];0.2;volume of the accumulator 
   Pgas;Precharge Gas Pressure [Pa];10e5;precharged gas pressure of the accumulator
   Vgas;Precharge Gas Volume [m^3];0.05;precharged gas volume
   kgas;Gas Polytropic Index;1.8;polytropic index of the gas
# PAccHP, HP Accumualtor Pressure [bar]
# PAccLP, LP Accumualtor Pressure [bar]

# 5,7, Relieve Valves
   rho;Density [kg/m^3];900;density of the liquid
   kleak;Relieve Valve Leakage Factor;0.1;leakage factor of the relieve valves
   Cd;Relieve Valve Discharge Coefficient;0.6;discharge coefficient of the relieve valves 

   PopenLP;LP Relieve Valve Open Pressure [Pa];10e5;low pressure line opening pressure of the relieve valve 
   Qdp5LP;LP Relieve Valve Flow dp5 [l/min];2400;low pressure line relieve valve flow at 5bar pressure drop
# QValveLP, LP Relieve Valve Flow [l/min]

   PopenHP;HP Relieve Valve Open Pressure [Pa];300e5;high pressure line opening pressure of the relieve valve 
   Qdp5HP;HP Relieve Valve Flow dp5 [l/min];200;high pressure line relieve valve flow at 5bar pressure drop 
# QValveHP, HP Relieve Valve Flow [l/min]

# 12, 13, Pipe Flow	
   Dpipe;Pipe Diameter [m];0.05;diameter of the pipe
   Lpipe;Pipe Length [m];20;total length of the pipe
   visc;Viscosity [PI];3e-5;viscosity of the liquid
# PLPpipe, LP Pipe Pressure [bar]
# QLPpipe, LP Pipe Flow [l/min]
# PHPpipe, HP Pipe Pressure [bar]
# QHPpipe, HP Pipe Flow [l/min]
